"Date/Time","Year","Month","Day","Data Quality","Max Temp (Â°C)","Max Temp Flag","Min Temp (Â°C)","Min Temp Flag","Mean Temp (Â°C)","Mean Temp Flag","Heat Deg Days (Â°C)","Heat Deg Days Flag","Cool Deg Days (Â°C)","Cool Deg Days Flag","Total Rain (mm)","Total Rain Flag","Total Snow (cm)","Total Snow Flag","Total Precip (mm)","Total Precip Flag","Snow on Grnd (cm)","Snow on Grnd Flag","Dir of Max Gust (10s deg)","Dir of Max Gust Flag","Spd of Max Gust (km/h)","Spd of Max Gust Flag"
"2017-01-01","2017","01","01","â ","","","","","","","","","","","0.0","","0.0","","0.0","","1","","","","",""
"2017-01-02","2017","01","02","â ","","","","","","","","","","","7.0","","0.0","","7.0","","1","","","","",""
"2017-01-03","2017","01","03","â ","","","","","","","","","","","10.8","","0.0","","10.8","","0","","","","",""
"2017-01-04","2017","01","04","â ","","","","","","","","","","","0.0","","1.0","","0.2","","0","","","","",""
"2017-01-05","2017","01","05","â ","","","","","","","","","","","0.0","","3.0","","2.2","","0","T","","","",""
"2017-01-06","2017","01","06","â ","","","","","","","","","","","0.0","","0.0","","0.0","","3","","","","",""
"2017-01-07","2017","01","07","â ","","","","","","","","","","","0.0","","2.0","","1.4","","2","","","","",""
"2017-01-08","2017","01","08","â ","","","","","","","","","","","0.0","","10.0","","9.6","","4","","","","",""
"2017-01-09","2017","01","09","â ","","","","","","","","","","","0.0","","6.0","","4.0","","13","","","","",""
"2017-01-10","2017","01","10","â ","","","","","","","","","","","10.0","","5.0","","15.0","","17","","","","",""
"2017-01-11","2017","01","11","â ","","","","","","","","","","","10.2","","0.0","","10.2","","0","T","","","",""
"2017-01-12","2017","01","12","â ","","","","","","","","","","","2.2","","0.0","","2.2","","0","","","","",""
"2017-01-13","2017","01","13","â ","","","","","","","","","","","0.0","","0.0","T","0.0","","0","","","","",""
"2017-01-14","2017","01","14","â ","","","","","","","","","","","0.0","","0.0","","0.0","","0","","","","",""
"2017-01-15","2017","01","15","â ","","","","","","","","","","","0.0","","0.0","","0.0","","0","","","","",""
"2017-01-16","2017","01","16","â ","","","","","","","","","","","7.2","","0.0","","7.2","","0","","","","",""
"2017-01-17","2017","01","17","â ","","","","","","","","","","","10.4","","0.0","","10.4","","0","","","","",""
"2017-01-18","2017","01","18","â ","","","","","","","","","","","0.2","","0.0","","0.2","","0","","","","",""
"2017-01-19","2017","01","19","â ","","","","","","","","","","","0.0","","0.0","","0.0","","0","","","","",""
"2017-01-20","2017","01","20","â ","","","","","","","","","","","1.8","","0.0","","1.8","","0","","","","",""
"2017-01-21","2017","01","21","â ","","","","","","","","","","","0.0","","0.0","","0.0","","0","","","","",""
"2017-01-22","2017","01","22","â ","","","","","","","","","","","0.0","T","0.0","","0.0","T","0","","","","",""
"2017-01-23","2017","01","23","â ","","","","","","","","","","","0.2","","0.0","","0.2","","0","","","","",""
"2017-01-24","2017","01","24","â ","","","","","","","","","","","0.2","","0.0","","0.2","","0","","","","",""
"2017-01-25","2017","01","25","â ","","","","","","","","","","","1.2","","0.0","","1.2","","0","","","","",""
"2017-01-26","2017","01","26","â ","","","","","","","","","","","1.0","","1.0","","1.4","","0","","","","",""
"2017-01-27","2017","01","27","â ","","","","","","","","","","","0.0","","3.0","","1.8","","0","T","","","",""
"2017-01-28","2017","01","28","â ","","","","","","","","","","","0.0","","4.0","","3.0","","2","","","","",""
"2017-01-29","2017","01","29","â ","","","","","","","","","","","0.0","","0.6","","0.2","","4","","","","",""
"2017-01-30","2017","01","30","â ","","","","","","","","","","","0.0","","1.0","","0.8","","4","","","","",""
"2017-01-31","2017","01","31","â ","","","","","","","","","","","0.0","","5.0","","4.4","","5","","","","",""
"2017-02-01","2017","02","01","â ","","","","","","","","","","","0.0","","1.0","","0.4","","9","","","","",""
"2017-02-02","2017","02","02","â ","","","","","","","","","","","0.0","","0.0","","0.0","","9","","","","",""
"2017-02-03","2017","02","03","â ","","","","","","","","","","","0.0","","0.0","T","0.0","","9","","","","",""
"2017-02-04","2017","02","04","â ","","","","","","","","","","","0.0","","1.0","","0.4","","8","","","","",""
"2017-02-05","2017","02","05","â ","","","","","","","","","","","0.0","","2.0","","1.6","","9","","","","",""
"2017-02-06","2017","02","06","â ","","","","","","","","","","","0.0","","0.0","","0.0","","7","","","","",""
"2017-02-07","2017","02","07","â ","","","","","","","","","","","17.0","","0.0","","17.0","","6","","","","",""
"2017-02-08","2017","02","08","â ","","","","","","","","","","","0.0","","1.0","","0.4","","0","","","","",""
"2017-02-09","2017","02","09","â ","","","","","","","","","","","0.0","","2.0","","1.2","","1","","","","",""
"2017-02-10","2017","02","10","â ","","","","","","","","","","","0.0","","3.0","","1.8","","1","","","","",""
"2017-02-11","2017","02","11","â ","","","","","","","","","","","1.0","","0.0","T","1.0","","2","","","","",""
"2017-02-12","2017","02","12","â ","","","","","","","","","","","8.0","","2.0","","9.8","","0","","","","",""
"2017-02-13","2017","02","13","â ","","","","","","","","","","","0.0","","0.0","","0.0","","2","","","","",""
"2017-02-14","2017","02","14","â ","","","","","","","","","","","0.0","","2.0","","1.6","","1","","","","",""
"2017-02-15","2017","02","15","â ","","","","","","","","","","","0.0","","7.0","","3.6","","1","","","","",""
"2017-02-16","2017","02","16","â ","","","","","","","","","","","0.0","","1.0","","0.4","","8","","","","",""
"2017-02-17","2017","02","17","â ","","","","","","","","","","","0.0","","0.0","","0.0","","5","","","","",""
"2017-02-18","2017","02","18","â ","","","","","","","","","","","0.0","","0.0","","0.0","","0","T","","","",""
"2017-02-19","2017","02","19","â ","","","","","","","","","","","0.0","","0.0","","0.0","","0","","","","",""
"2017-02-20","2017","02","20","â ","","","","","","","","","","","0.0","","0.0","","0.0","","0","","","","",""
"2017-02-21","2017","02","21","â ","","","","","","","","","","","2.6","","0.0","","2.6","","0","","","","",""
"2017-02-22","2017","02","22","â ","","","","","","","","","","","0.0","","0.0","","0.0","","0","","","","",""
"2017-02-23","2017","02","23","â ","","","","","","","","","","","2.0","","0.0","","2.0","","0","","","","",""
"2017-02-24","2017","02","24","â ","","","","","","","","","","","17.4","","0.0","","17.4","","0","","","","",""
"2017-02-25","2017","02","25","â ","","","","","","","","","","","0.0","T","0.0","T","0.0","T","0","","","","",""
"2017-02-26","2017","02","26","â ","","","","","","","","","","","0.0","","0.0","","0.0","","0","T","","","",""
"2017-02-27","2017","02","27","â ","","","","","","","","","","","0.0","","0.0","","0.0","","0","","","","",""
"2017-02-28","2017","02","28","â ","","","","","","","","","","","36.0","","0.0","","36.0","","0","","","","",""
"2017-03-01","2017","03","01","â ","","","","","","","","","","","2.6","","2.0","","5.0","","0","","","","",""
"2017-03-02","2017","03","02","â ","","","","","","","","","","","0.0","","3.0","","2.0","","1","","","","",""
"2017-03-03","2017","03","03","â ","","","","","","","","","","","0.0","","4.0","","3.2","","2","","","","",""
"2017-03-04","2017","03","04","â ","","","","","","","","","","","0.0","","0.0","","0.0","","4","","","","",""
"2017-03-05","2017","03","05","â ","","","","","","","","","","","0.0","","0.0","","0.0","","3","","","","",""
"2017-03-06","2017","03","06","â ","","","","","","","","","","","10.2","","0.0","","10.2","","0","","","","",""
"2017-03-07","2017","03","07","â ","","","","","","","","","","","1.0","","0.0","","1.0","","0","","","","",""
"2017-03-08","2017","03","08","â ","","","","","","","","","","","0.0","","0.0","","0.0","","0","","","","",""
"2017-03-09","2017","03","09","â ","","","","","","","","","","","0.0","","0.0","","0.0","","0","","","","",""
"2017-03-10","2017","03","10","â ","","","","","","","","","","","0.0","","4.0","","2.6","","0","","","","",""
"2017-03-11","2017","03","11","â ","","","","","","","","","","","0.0","","1.0","","0.8","","3","","","","",""
"2017-03-12","2017","03","12","â ","","","","","","","","","","","0.0","","0.0","","0.0","","3","","","","",""
"2017-03-13","2017","03","13","â ","","","","","","","","","","","0.0","","5.0","","5.0","","0","","","","",""
"2017-03-14","2017","03","14","â ","","","","","","","","","","","0.0","","0.0","T","0.0","","3","","","","",""
"2017-03-15","2017","03","15","â ","","","","","","","","","","","0.0","","4.0","","2.2","","3","","","","",""
"2017-03-16","2017","03","16","â ","","","","","","","","","","","0.0","","0.0","T","0.0","","6","","","","",""
"2017-03-17","2017","03","17","â ","","","","","","","","","","","0.0","","2.0","","1.2","","0","T","","","",""
"2017-03-18","2017","03","18","â ","","","","","","","","","","","0.0","","0.0","","0.0","","0","T","","","",""
"2017-03-19","2017","03","19","â ","","","","","","","","","","","0.0","","1.0","","0.6","","0","","","","",""
"2017-03-20","2017","03","20","â ","","","","","","","","","","","0.0","","0.0","","0.0","","0","","","","",""
"2017-03-21","2017","03","21","â ","","","","","","","","","","","0.0","","0.0","","0.0","","0","","","","",""
"2017-03-22","2017","03","22","â ","","","","","","","","","","","0.0","","0.0","","0.0","","0","","","","",""
"2017-03-23","2017","03","23","â ","","","","","","","","","","","1.2","","0.0","","1.2","","0","","","","",""
"2017-03-24","2017","03","24","â ","","","","","","","","","","","4.0","","0.0","","4.0","","0","","","","",""
"2017-03-25","2017","03","25","â ","","","","","","","","","","","0.6","","0.0","","0.6","","0","","","","",""
"2017-03-26","2017","03","26","â ","","","","","","","","","","","8.0","","0.0","","8.0","","0","","","","",""
"2017-03-27","2017","03","27","â ","","","","","","","","","","","0.2","","0.0","","0.2","","0","","","","",""
"2017-03-28","2017","03","28","â ","","","","","","","","","","","0.0","","0.0","","0.0","","0","","","","",""
"2017-03-29","2017","03","29","â ","","","","","","","","","","","0.0","","0.0","","0.0","","0","","","","",""
"2017-03-30","2017","03","30","â ","","","","","","","","","","","29.7","","0.0","","29.7","","0","","","","",""
"2017-03-31","2017","03","31","â ","","","","","","","","","","","1.0","","0.0","","1.0","","0","","","","",""
"2017-04-01","2017","04","01","â ","","","","","","","","","","","0.0","","0.0","","0.0","","0","","","","",""
"2017-04-02","2017","04","02","â ","","","","","","","","","","","0.0","T","0.0","","0.0","T","0","","","","",""
"2017-04-03","2017","04","03","â ","","","","","","","","","","","5.0","","0.0","","5.0","","0","","","","",""
"2017-04-04","2017","04","04","â ","","","","","","","","","","","5.0","","0.0","","5.0","","0","","","","",""
"2017-04-05","2017","04","05","â ","","","","","","","","","","","4.8","","0.0","","4.8","","0","","","","",""
"2017-04-06","2017","04","06","â ","","","","","","","","","","","18.0","","5.0","","22.4","","0","","","","",""
"2017-04-07","2017","04","07","â ","","","","","","","","","","","0.0","","0.0","","0.0","","5","","","","",""
"2017-04-08","2017","04","08","â ","","","","","","","","","","","0.0","","0.0","","0.0","","0","","","","",""
"2017-04-09","2017","04","09","â ","","","","","","","","","","","0.0","","0.0","","0.0","","0","","","","",""
"2017-04-10","2017","04","10","â ","","","","","","","","","","","10.6","","0.0","","10.6","","0","","","","",""
"2017-04-11","2017","04","11","â ","","","","","","","","","","","1.6","","0.0","","1.6","","0","","","","",""
"2017-04-12","2017","04","12","â ","","","","","","","","","","","0.0","T","0.0","","0.0","T","0","","","","",""
"2017-04-13","2017","04","13","â ","","","","","","","","","","","0.0","","0.0","","0.0","","0","","","","",""
"2017-04-14","2017","04","14","â ","","","","","","","","","","","0.4","","0.0","","0.4","","0","","","","",""
"2017-04-15","2017","04","15","","","","","","","","","","","","","","","","","","","","","","",""
"2017-04-16","2017","04","16","","","","","","","","","","","","","","","","","","","","","","",""
"2017-04-17","2017","04","17","","","","","","","","","","","","","","","","","","","","","","",""
"2017-04-18","2017","04","18","","","","","","","","","","","","","","","","","","","","","","",""
"2017-04-19","2017","04","19","","","","","","","","","","","","","","","","","","","","","","",""
"2017-04-20","2017","04","20","","","","","","","","","","","","","","","","","","","","","","",""
"2017-04-21","2017","04","21","","","","","","","","","","","","","","","","","","","","","","",""
"2017-04-22","2017","04","22","","","","","","","","","","","","","","","","","","","","","","",""
"2017-04-23","2017","04","23","","","","","","","","","","","","","","","","","","","","","","",""
"2017-04-24","2017","04","24","","","","","","","","","","","","","","","","","","","","","","",""
"2017-04-25","2017","04","25","","","","","","","","","","","","","","","","","","","","","","",""
"2017-04-26","2017","04","26","","","","","","","","","","","","","","","","","","","","","","",""
"2017-04-27","2017","04","27","","","","","","","","","","","","","","","","","","","","","","",""
"2017-04-28","2017","04","28","","","","","","","","","","","","","","","","","","","","","","",""
"2017-04-29","2017","04","29","","","","","","","","","","","","","","","","","","","","","","",""
"2017-04-30","2017","04","30","","","","","","","","","","","","","","","","","","","","","","",""
"2017-05-01","2017","05","01","","","","","","","","","","","","","","","","","","","","","","",""
"2017-05-02","2017","05","02","","","","","","","","","","","","","","","","","","","","","","",""
"2017-05-03","2017","05","03","","","","","","","","","","","","","","","","","","","","","","",""
"2017-05-04","2017","05","04","","","","","","","","","","","","","","","","","","","","","","",""
"2017-05-05","2017","05","05","","","","","","","","","","","","","","","","","","","","","","",""
"2017-05-06","2017","05","06","","","","","","","","","","","","","","","","","","","","","","",""
"2017-05-07","2017","05","07","","","","","","","","","","","","","","","","","","","","","","",""
"2017-05-08","2017","05","08","","","","","","","","","","","","","","","","","","","","","","",""
"2017-05-09","2017","05","09","","","","","","","","","","","","","","","","","","","","","","",""
"2017-05-10","2017","05","10","","","","","","","","","","","","","","","","","","","","","","",""
"2017-05-11","2017","05","11","","","","","","","","","","","","","","","","","","","","","","",""
"2017-05-12","2017","05","12","","","","","","","","","","","","","","","","","","","","","","",""
"2017-05-13","2017","05","13","","","","","","","","","","","","","","","","","","","","","","",""
"2017-05-14","2017","05","14","","","","","","","","","","","","","","","","","","","","","","",""
"2017-05-15","2017","05","15","","","","","","","","","","","","","","","","","","","","","","",""
"2017-05-16","2017","05","16","","","","","","","","","","","","","","","","","","","","","","",""
"2017-05-17","2017","05","17","","","","","","","","","","","","","","","","","","","","","","",""
"2017-05-18","2017","05","18","","","","","","","","","","","","","","","","","","","","","","",""
"2017-05-19","2017","05","19","","","","","","","","","","","","","","","","","","","","","","",""
"2017-05-20","2017","05","20","","","","","","","","","","","","","","","","","","","","","","",""
"2017-05-21","2017","05","21","","","","","","","","","","","","","","","","","","","","","","",""
"2017-05-22","2017","05","22","","","","","","","","","","","","","","","","","","","","","","",""
"2017-05-23","2017","05","23","","","","","","","","","","","","","","","","","","","","","","",""
"2017-05-24","2017","05","24","","","","","","","","","","","","","","","","","","","","","","",""
"2017-05-25","2017","05","25","","","","","","","","","","","","","","","","","","","","","","",""
"2017-05-26","2017","05","26","","","","","","","","","","","","","","","","","","","","","","",""
"2017-05-27","2017","05","27","","","","","","","","","","","","","","","","","","","","","","",""
"2017-05-28","2017","05","28","","","","","","","","","","","","","","","","","","","","","","",""
"2017-05-29","2017","05","29","","","","","","","","","","","","","","","","","","","","","","",""
"2017-05-30","2017","05","30","","","","","","","","","","","","","","","","","","","","","","",""
"2017-05-31","2017","05","31","","","","","","","","","","","","","","","","","","","","","","",""
"2017-06-01","2017","06","01","","","","","","","","","","","","","","","","","","","","","","",""
"2017-06-02","2017","06","02","","","","","","","","","","","","","","","","","","","","","","",""
"2017-06-03","2017","06","03","","","","","","","","","","","","","","","","","","","","","","",""
"2017-06-04","2017","06","04","","","","","","","","","","","","","","","","","","","","","","",""
"2017-06-05","2017","06","05","","","","","","","","","","","","","","","","","","","","","","",""
"2017-06-06","2017","06","06","","","","","","","","","","","","","","","","","","","","","","",""
"2017-06-07","2017","06","07","","","","","","","","","","","","","","","","","","","","","","",""
"2017-06-08","2017","06","08","","","","","","","","","","","","","","","","","","","","","","",""
"2017-06-09","2017","06","09","","","","","","","","","","","","","","","","","","","","","","",""
"2017-06-10","2017","06","10","","","","","","","","","","","","","","","","","","","","","","",""
"2017-06-11","2017","06","11","","","","","","","","","","","","","","","","","","","","","","",""
"2017-06-12","2017","06","12","","","","","","","","","","","","","","","","","","","","","","",""
"2017-06-13","2017","06","13","","","","","","","","","","","","","","","","","","","","","","",""
"2017-06-14","2017","06","14","","","","","","","","","","","","","","","","","","","","","","",""
"2017-06-15","2017","06","15","","","","","","","","","","","","","","","","","","","","","","",""
"2017-06-16","2017","06","16","","","","","","","","","","","","","","","","","","","","","","",""
"2017-06-17","2017","06","17","","","","","","","","","","","","","","","","","","","","","","",""
"2017-06-18","2017","06","18","","","","","","","","","","","","","","","","","","","","","","",""
"2017-06-19","2017","06","19","","","","","","","","","","","","","","","","","","","","","","",""
"2017-06-20","2017","06","20","","","","","","","","","","","","","","","","","","","","","","",""
"2017-06-21","2017","06","21","","","","","","","","","","","","","","","","","","","","","","",""
"2017-06-22","2017","06","22","","","","","","","","","","","","","","","","","","","","","","",""
"2017-06-23","2017","06","23","","","","","","","","","","","","","","","","","","","","","","",""
"2017-06-24","2017","06","24","","","","","","","","","","","","","","","","","","","","","","",""
"2017-06-25","2017","06","25","","","","","","","","","","","","","","","","","","","","","","",""
"2017-06-26","2017","06","26","","","","","","","","","","","","","","","","","","","","","","",""
"2017-06-27","2017","06","27","","","","","","","","","","","","","","","","","","","","","","",""
"2017-06-28","2017","06","28","","","","","","","","","","","","","","","","","","","","","","",""
"2017-06-29","2017","06","29","","","","","","","","","","","","","","","","","","","","","","",""
"2017-06-30","2017","06","30","","","","","","","","","","","","","","","","","","","","","","",""
"2017-07-01","2017","07","01","","","","","","","","","","","","","","","","","","","","","","",""
"2017-07-02","2017","07","02","","","","","","","","","","","","","","","","","","","","","","",""
"2017-07-03","2017","07","03","","","","","","","","","","","","","","","","","","","","","","",""
"2017-07-04","2017","07","04","","","","","","","","","","","","","","","","","","","","","","",""
"2017-07-05","2017","07","05","","","","","","","","","","","","","","","","","","","","","","",""
"2017-07-06","2017","07","06","","","","","","","","","","","","","","","","","","","","","","",""
"2017-07-07","2017","07","07","","","","","","","","","","","","","","","","","","","","","","",""
"2017-07-08","2017","07","08","","","","","","","","","","","","","","","","","","","","","","",""
"2017-07-09","2017","07","09","","","","","","","","","","","","","","","","","","","","","","",""
"2017-07-10","2017","07","10","","","","","","","","","","","","","","","","","","","","","","",""
"2017-07-11","2017","07","11","","","","","","","","","","","","","","","","","","","","","","",""
"2017-07-12","2017","07","12","","","","","","","","","","","","","","","","","","","","","","",""
"2017-07-13","2017","07","13","","","","","","","","","","","","","","","","","","","","","","",""
"2017-07-14","2017","07","14","","","","","","","","","","","","","","","","","","","","","","",""
"2017-07-15","2017","07","15","","","","","","","","","","","","","","","","","","","","","","",""
"2017-07-16","2017","07","16","","","","","","","","","","","","","","","","","","","","","","",""
"2017-07-17","2017","07","17","","","","","","","","","","","","","","","","","","","","","","",""
"2017-07-18","2017","07","18","","","","","","","","","","","","","","","","","","","","","","",""
"2017-07-19","2017","07","19","","","","","","","","","","","","","","","","","","","","","","",""
"2017-07-20","2017","07","20","","","","","","","","","","","","","","","","","","","","","","",""
"2017-07-21","2017","07","21","","","","","","","","","","","","","","","","","","","","","","",""
"2017-07-22","2017","07","22","","","","","","","","","","","","","","","","","","","","","","",""
"2017-07-23","2017","07","23","","","","","","","","","","","","","","","","","","","","","","",""
"2017-07-24","2017","07","24","","","","","","","","","","","","","","","","","","","","","","",""
"2017-07-25","2017","07","25","","","","","","","","","","","","","","","","","","","","","","",""
"2017-07-26","2017","07","26","","","","","","","","","","","","","","","","","","","","","","",""
"2017-07-27","2017","07","27","","","","","","","","","","","","","","","","","","","","","","",""
"2017-07-28","2017","07","28","","","","","","","","","","","","","","","","","","","","","","",""
"2017-07-29","2017","07","29","","","","","","","","","","","","","","","","","","","","","","",""
"2017-07-30","2017","07","30","","","","","","","","","","","","","","","","","","","","","","",""
"2017-07-31","2017","07","31","","","","","","","","","","","","","","","","","","","","","","",""
"2017-08-01","2017","08","01","","","","","","","","","","","","","","","","","","","","","","",""
"2017-08-02","2017","08","02","","","","","","","","","","","","","","","","","","","","","","",""
"2017-08-03","2017","08","03","","","","","","","","","","","","","","","","","","","","","","",""
"2017-08-04","2017","08","04","","","","","","","","","","","","","","","","","","","","","","",""
"2017-08-05","2017","08","05","","","","","","","","","","","","","","","","","","","","","","",""
"2017-08-06","2017","08","06","","","","","","","","","","","","","","","","","","","","","","",""
"2017-08-07","2017","08","07","","","","","","","","","","","","","","","","","","","","","","",""
"2017-08-08","2017","08","08","","","","","","","","","","","","","","","","","","","","","","",""
"2017-08-09","2017","08","09","","","","","","","","","","","","","","","","","","","","","","",""
"2017-08-10","2017","08","10","","","","","","","","","","","","","","","","","","","","","","",""
"2017-08-11","2017","08","11","","","","","","","","","","","","","","","","","","","","","","",""
"2017-08-12","2017","08","12","","","","","","","","","","","","","","","","","","","","","","",""
"2017-08-13","2017","08","13","","","","","","","","","","","","","","","","","","","","","","",""
"2017-08-14","2017","08","14","","","","","","","","","","","","","","","","","","","","","","",""
"2017-08-15","2017","08","15","","","","","","","","","","","","","","","","","","","","","","",""
"2017-08-16","2017","08","16","","","","","","","","","","","","","","","","","","","","","","",""
"2017-08-17","2017","08","17","","","","","","","","","","","","","","","","","","","","","","",""
"2017-08-18","2017","08","18","","","","","","","","","","","","","","","","","","","","","","",""
"2017-08-19","2017","08","19","","","","","","","","","","","","","","","","","","","","","","",""
"2017-08-20","2017","08","20","","","","","","","","","","","","","","","","","","","","","","",""
"2017-08-21","2017","08","21","","","","","","","","","","","","","","","","","","","","","","",""
"2017-08-22","2017","08","22","","","","","","","","","","","","","","","","","","","","","","",""
"2017-08-23","2017","08","23","","","","","","","","","","","","","","","","","","","","","","",""
"2017-08-24","2017","08","24","","","","","","","","","","","","","","","","","","","","","","",""
"2017-08-25","2017","08","25","","","","","","","","","","","","","","","","","","","","","","",""
"2017-08-26","2017","08","26","","","","","","","","","","","","","","","","","","","","","","",""
"2017-08-27","2017","08","27","","","","","","","","","","","","","","","","","","","","","","",""
"2017-08-28","2017","08","28","","","","","","","","","","","","","","","","","","","","","","",""
"2017-08-29","2017","08","29","","","","","","","","","","","","","","","","","","","","","","",""
"2017-08-30","2017","08","30","","","","","","","","","","","","","","","","","","","","","","",""
"2017-08-31","2017","08","31","","","","","","","","","","","","","","","","","","","","","","",""
"2017-09-01","2017","09","01","","","","","","","","","","","","","","","","","","","","","","",""
"2017-09-02","2017","09","02","","","","","","","","","","","","","","","","","","","","","","",""
"2017-09-03","2017","09","03","","","","","","","","","","","","","","","","","","","","","","",""
"2017-09-04","2017","09","04","","","","","","","","","","","","","","","","","","","","","","",""
"2017-09-05","2017","09","05","","","","","","","","","","","","","","","","","","","","","","",""
"2017-09-06","2017","09","06","","","","","","","","","","","","","","","","","","","","","","",""
"2017-09-07","2017","09","07","","","","","","","","","","","","","","","","","","","","","","",""
"2017-09-08","2017","09","08","","","","","","","","","","","","","","","","","","","","","","",""
"2017-09-09","2017","09","09","","","","","","","","","","","","","","","","","","","","","","",""
"2017-09-10","2017","09","10","","","","","","","","","","","","","","","","","","","","","","",""
"2017-09-11","2017","09","11","","","","","","","","","","","","","","","","","","","","","","",""
"2017-09-12","2017","09","12","","","","","","","","","","","","","","","","","","","","","","",""
"2017-09-13","2017","09","13","","","","","","","","","","","","","","","","","","","","","","",""
"2017-09-14","2017","09","14","","","","","","","","","","","","","","","","","","","","","","",""
"2017-09-15","2017","09","15","","","","","","","","","","","","","","","","","","","","","","",""
"2017-09-16","2017","09","16","","","","","","","","","","","","","","","","","","","","","","",""
"2017-09-17","2017","09","17","","","","","","","","","","","","","","","","","","","","","","",""
"2017-09-18","2017","09","18","","","","","","","","","","","","","","","","","","","","","","",""
"2017-09-19","2017","09","19","","","","","","","","","","","","","","","","","","","","","","",""
"2017-09-20","2017","09","20","","","","","","","","","","","","","","","","","","","","","","",""
"2017-09-21","2017","09","21","","","","","","","","","","","","","","","","","","","","","","",""
"2017-09-22","2017","09","22","","","","","","","","","","","","","","","","","","","","","","",""
"2017-09-23","2017","09","23","","","","","","","","","","","","","","","","","","","","","","",""
"2017-09-24","2017","09","24","","","","","","","","","","","","","","","","","","","","","","",""
"2017-09-25","2017","09","25","","","","","","","","","","","","","","","","","","","","","","",""
"2017-09-26","2017","09","26","","","","","","","","","","","","","","","","","","","","","","",""
"2017-09-27","2017","09","27","","","","","","","","","","","","","","","","","","","","","","",""
"2017-09-28","2017","09","28","","","","","","","","","","","","","","","","","","","","","","",""
"2017-09-29","2017","09","29","","","","","","","","","","","","","","","","","","","","","","",""
"2017-09-30","2017","09","30","","","","","","","","","","","","","","","","","","","","","","",""
"2017-10-01","2017","10","01","","","","","","","","","","","","","","","","","","","","","","",""
"2017-10-02","2017","10","02","","","","","","","","","","","","","","","","","","","","","","",""
"2017-10-03","2017","10","03","","","","","","","","","","","","","","","","","","","","","","",""
"2017-10-04","2017","10","04","","","","","","","","","","","","","","","","","","","","","","",""
"2017-10-05","2017","10","05","","","","","","","","","","","","","","","","","","","","","","",""
"2017-10-06","2017","10","06","","","","","","","","","","","","","","","","","","","","","","",""
"2017-10-07","2017","10","07","","","","","","","","","","","","","","","","","","","","","","",""
"2017-10-08","2017","10","08","","","","","","","","","","","","","","","","","","","","","","",""
"2017-10-09","2017","10","09","","","","","","","","","","","","","","","","","","","","","","",""
"2017-10-10","2017","10","10","","","","","","","","","","","","","","","","","","","","","","",""
"2017-10-11","2017","10","11","","","","","","","","","","","","","","","","","","","","","","",""
"2017-10-12","2017","10","12","","","","","","","","","","","","","","","","","","","","","","",""
"2017-10-13","2017","10","13","","","","","","","","","","","","","","","","","","","","","","",""
"2017-10-14","2017","10","14","","","","","","","","","","","","","","","","","","","","","","",""
"2017-10-15","2017","10","15","","","","","","","","","","","","","","","","","","","","","","",""
"2017-10-16","2017","10","16","","","","","","","","","","","","","","","","","","","","","","",""
"2017-10-17","2017","10","17","","","","","","","","","","","","","","","","","","","","","","",""
"2017-10-18","2017","10","18","","","","","","","","","","","","","","","","","","","","","","",""
"2017-10-19","2017","10","19","","","","","","","","","","","","","","","","","","","","","","",""
"2017-10-20","2017","10","20","","","","","","","","","","","","","","","","","","","","","","",""
"2017-10-21","2017","10","21","","","","","","","","","","","","","","","","","","","","","","",""
"2017-10-22","2017","10","22","","","","","","","","","","","","","","","","","","","","","","",""
"2017-10-23","2017","10","23","","","","","","","","","","","","","","","","","","","","","","",""
"2017-10-24","2017","10","24","","","","","","","","","","","","","","","","","","","","","","",""
"2017-10-25","2017","10","25","","","","","","","","","","","","","","","","","","","","","","",""
"2017-10-26","2017","10","26","","","","","","","","","","","","","","","","","","","","","","",""
"2017-10-27","2017","10","27","","","","","","","","","","","","","","","","","","","","","","",""
"2017-10-28","2017","10","28","","","","","","","","","","","","","","","","","","","","","","",""
"2017-10-29","2017","10","29","","","","","","","","","","","","","","","","","","","","","","",""
"2017-10-30","2017","10","30","","","","","","","","","","","","","","","","","","","","","","",""
"2017-10-31","2017","10","31","","","","","","","","","","","","","","","","","","","","","","",""
"2017-11-01","2017","11","01","","","","","","","","","","","","","","","","","","","","","","",""
"2017-11-02","2017","11","02","","","","","","","","","","","","","","","","","","","","","","",""
"2017-11-03","2017","11","03","","","","","","","","","","","","","","","","","","","","","","",""
"2017-11-04","2017","11","04","","","","","","","","","","","","","","","","","","","","","","",""
"2017-11-05","2017","11","05","","","","","","","","","","","","","","","","","","","","","","",""
"2017-11-06","2017","11","06","","","","","","","","","","","","","","","","","","","","","","",""
"2017-11-07","2017","11","07","","","","","","","","","","","","","","","","","","","","","","",""
"2017-11-08","2017","11","08","","","","","","","","","","","","","","","","","","","","","","",""
"2017-11-09","2017","11","09","","","","","","","","","","","","","","","","","","","","","","",""
"2017-11-10","2017","11","10","","","","","","","","","","","","","","","","","","","","","","",""
"2017-11-11","2017","11","11","","","","","","","","","","","","","","","","","","","","","","",""
"2017-11-12","2017","11","12","","","","","","","","","","","","","","","","","","","","","","",""
"2017-11-13","2017","11","13","","","","","","","","","","","","","","","","","","","","","","",""
"2017-11-14","2017","11","14","","","","","","","","","","","","","","","","","","","","","","",""
"2017-11-15","2017","11","15","","","","","","","","","","","","","","","","","","","","","","",""
"2017-11-16","2017","11","16","","","","","","","","","","","","","","","","","","","","","","",""
"2017-11-17","2017","11","17","","","","","","","","","","","","","","","","","","","","","","",""
"2017-11-18","2017","11","18","","","","","","","","","","","","","","","","","","","","","","",""
"2017-11-19","2017","11","19","","","","","","","","","","","","","","","","","","","","","","",""
"2017-11-20","2017","11","20","","","","","","","","","","","","","","","","","","","","","","",""
"2017-11-21","2017","11","21","","","","","","","","","","","","","","","","","","","","","","",""
"2017-11-22","2017","11","22","","","","","","","","","","","","","","","","","","","","","","",""
"2017-11-23","2017","11","23","","","","","","","","","","","","","","","","","","","","","","",""
"2017-11-24","2017","11","24","","","","","","","","","","","","","","","","","","","","","","",""
"2017-11-25","2017","11","25","","","","","","","","","","","","","","","","","","","","","","",""
"2017-11-26","2017","11","26","","","","","","","","","","","","","","","","","","","","","","",""
"2017-11-27","2017","11","27","","","","","","","","","","","","","","","","","","","","","","",""
"2017-11-28","2017","11","28","","","","","","","","","","","","","","","","","","","","","","",""
"2017-11-29","2017","11","29","","","","","","","","","","","","","","","","","","","","","","",""
"2017-11-30","2017","11","30","","","","","","","","","","","","","","","","","","","","","","",""
"2017-12-01","2017","12","01","","","","","","","","","","","","","","","","","","","","","","",""
"2017-12-02","2017","12","02","","","","","","","","","","","","","","","","","","","","","","",""
"2017-12-03","2017","12","03","","","","","","","","","","","","","","","","","","","","","","",""
"2017-12-04","2017","12","04","","","","","","","","","","","","","","","","","","","","","","",""
"2017-12-05","2017","12","05","","","","","","","","","","","","","","","","","","","","","","",""
"2017-12-06","2017","12","06","","","","","","","","","","","","","","","","","","","","","","",""
"2017-12-07","2017","12","07","","","","","","","","","","","","","","","","","","","","","","",""
"2017-12-08","2017","12","08","","","","","","","","","","","","","","","","","","","","","","",""
"2017-12-09","2017","12","09","","","","","","","","","","","","","","","","","","","","","","",""
"2017-12-10","2017","12","10","","","","","","","","","","","","","","","","","","","","","","",""
"2017-12-11","2017","12","11","","","","","","","","","","","","","","","","","","","","","","",""
"2017-12-12","2017","12","12","","","","","","","","","","","","","","","","","","","","","","",""
"2017-12-13","2017","12","13","","","","","","","","","","","","","","","","","","","","","","",""
"2017-12-14","2017","12","14","","","","","","","","","","","","","","","","","","","","","","",""
"2017-12-15","2017","12","15","","","","","","","","","","","","","","","","","","","","","","",""
"2017-12-16","2017","12","16","","","","","","","","","","","","","","","","","","","","","","",""
"2017-12-17","2017","12","17","","","","","","","","","","","","","","","","","","","","","","",""
"2017-12-18","2017","12","18","","","","","","","","","","","","","","","","","","","","","","",""
"2017-12-19","2017","12","19","","","","","","","","","","","","","","","","","","","","","","",""
"2017-12-20","2017","12","20","","","","","","","","","","","","","","","","","","","","","","",""
"2017-12-21","2017","12","21","","","","","","","","","","","","","","","","","","","","","","",""
"2017-12-22","2017","12","22","","","","","","","","","","","","","","","","","","","","","","",""
"2017-12-23","2017","12","23","","","","","","","","","","","","","","","","","","","","","","",""
"2017-12-24","2017","12","24","","","","","","","","","","","","","","","","","","","","","","",""
"2017-12-25","2017","12","25","","","","","","","","","","","","","","","","","","","","","","",""
"2017-12-26","2017","12","26","","","","","","","","","","","","","","","","","","","","","","",""
"2017-12-27","2017","12","27","","","","","","","","","","","","","","","","","","","","","","",""
"2017-12-28","2017","12","28","","","","","","","","","","","","","","","","","","","","","","",""
"2017-12-29","2017","12","29","","","","","","","","","","","","","","","","","","","","","","",""
"2017-12-30","2017","12","30","","","","","","","","","","","","","","","","","","","","","","",""
"2017-12-31","2017","12","31","","","","","","","","","","","","","","","","","","","","","","",""
